{
   "32": {
      "text": " ",
      "x": 0.125,
      "y": 0.31640625,
      "width": 0.01171875,
      "height": 0.0546875,
      "baseline": 0.3515625
   },
   "34": {
      "text": "\"",
      "x": 0.2578125,
      "y": 0.2421875,
      "width": 0.015625,
      "height": 0.0546875,
      "baseline": 0.27734375
   },
   "35": {
      "text": "#",
      "x": 0.21484375,
      "y": 0.2421875,
      "width": 0.0234375,
      "height": 0.0546875,
      "baseline": 0.27734375
   },
   "36": {
      "text": "$",
      "x": 0.8203125,
      "y": 0.2421875,
      "width": 0.0234375,
      "height": 0.0546875,
      "baseline": 0.27734375
   },
   "37": {
      "text": "%",
      "x": 0.06640625,
      "y": 0.31640625,
      "width": 0.0390625,
      "height": 0.0546875,
      "baseline": 0.3515625
   },
   "38": {
      "text": "&",
      "x": 0.3203125,
      "y": 0.2421875,
      "width": 0.03125,
      "height": 0.0546875,
      "baseline": 0.27734375
   },
   "39": {
      "text": "'",
      "x": 0.29296875,
      "y": 0.2421875,
      "width": 0.0078125,
      "height": 0.0546875,
      "baseline": 0.27734375
   },
   "40": {
      "text": "(",
      "x": 0.37109375,
      "y": 0.2421875,
      "width": 0.01171875,
      "height": 0.0546875,
      "baseline": 0.27734375
   },
   "41": {
      "text": ")",
      "x": 0.40234375,
      "y": 0.2421875,
      "width": 0.01171875,
      "height": 0.0546875,
      "baseline": 0.27734375
   },
   "42": {
      "text": "*",
      "x": 0.78515625,
      "y": 0.2421875,
      "width": 0.015625,
      "height": 0.0546875,
      "baseline": 0.27734375
   },
   "43": {
      "text": "+",
      "x": 0.69140625,
      "y": 0.2421875,
      "width": 0.02734375,
      "height": 0.0546875,
      "baseline": 0.27734375
   },
   "44": {
      "text": ",",
      "x": 0.9375,
      "y": 0.16796875,
      "width": 0.01171875,
      "height": 0.0546875,
      "baseline": 0.203125
   },
   "45": {
      "text": "-",
      "x": 0.09375,
      "y": 0.2421875,
      "width": 0.01171875,
      "height": 0.0546875,
      "baseline": 0.27734375
   },
   "46": {
      "text": ".",
      "x": 0.90625,
      "y": 0.16796875,
      "width": 0.01171875,
      "height": 0.0546875,
      "baseline": 0.203125
   },
   "47": {
      "text": "/",
      "x": 0.55859375,
      "y": 0.2421875,
      "width": 0.01171875,
      "height": 0.0546875,
      "baseline": 0.27734375
   },
   "48": {
      "text": "0",
      "x": 0.4765625,
      "y": 0.16796875,
      "width": 0.0234375,
      "height": 0.0546875,
      "baseline": 0.203125
   },
   "49": {
      "text": "1",
      "x": 0.51953125,
      "y": 0.16796875,
      "width": 0.0234375,
      "height": 0.0546875,
      "baseline": 0.203125
   },
   "50": {
      "text": "2",
      "x": 0.5625,
      "y": 0.16796875,
      "width": 0.0234375,
      "height": 0.0546875,
      "baseline": 0.203125
   },
   "51": {
      "text": "3",
      "x": 0.60546875,
      "y": 0.16796875,
      "width": 0.0234375,
      "height": 0.0546875,
      "baseline": 0.203125
   },
   "52": {
      "text": "4",
      "x": 0.6484375,
      "y": 0.16796875,
      "width": 0.0234375,
      "height": 0.0546875,
      "baseline": 0.203125
   },
   "53": {
      "text": "5",
      "x": 0.69140625,
      "y": 0.16796875,
      "width": 0.0234375,
      "height": 0.0546875,
      "baseline": 0.203125
   },
   "54": {
      "text": "6",
      "x": 0.734375,
      "y": 0.16796875,
      "width": 0.0234375,
      "height": 0.0546875,
      "baseline": 0.203125
   },
   "55": {
      "text": "7",
      "x": 0.77734375,
      "y": 0.16796875,
      "width": 0.0234375,
      "height": 0.0546875,
      "baseline": 0.203125
   },
   "56": {
      "text": "8",
      "x": 0.8203125,
      "y": 0.16796875,
      "width": 0.0234375,
      "height": 0.0546875,
      "baseline": 0.203125
   },
   "57": {
      "text": "9",
      "x": 0.86328125,
      "y": 0.16796875,
      "width": 0.0234375,
      "height": 0.0546875,
      "baseline": 0.203125
   },
   "58": {
      "text": ":",
      "x": 0.01953125,
      "y": 0.2421875,
      "width": 0.01171875,
      "height": 0.0546875,
      "baseline": 0.27734375
   },
   "59": {
      "text": ";",
      "x": 0.96875,
      "y": 0.16796875,
      "width": 0.01171875,
      "height": 0.0546875,
      "baseline": 0.203125
   },
   "60": {
      "text": "<",
      "x": 0.94921875,
      "y": 0.2421875,
      "width": 0.02734375,
      "height": 0.0546875,
      "baseline": 0.27734375
   },
   "61": {
      "text": "=",
      "x": 0.73828125,
      "y": 0.2421875,
      "width": 0.02734375,
      "height": 0.0546875,
      "baseline": 0.27734375
   },
   "62": {
      "text": ">",
      "x": 0.01953125,
      "y": 0.31640625,
      "width": 0.02734375,
      "height": 0.0546875,
      "baseline": 0.3515625
   },
   "63": {
      "text": "?",
      "x": 0.05078125,
      "y": 0.2421875,
      "width": 0.0234375,
      "height": 0.0546875,
      "baseline": 0.27734375
   },
   "64": {
      "text": "@",
      "x": 0.58984375,
      "y": 0.2421875,
      "width": 0.046875,
      "height": 0.0546875,
      "baseline": 0.27734375
   },
   "65": {
      "text": "A",
      "x": 0.01953125,
      "y": 0.01953125,
      "width": 0.03125,
      "height": 0.0546875,
      "baseline": 0.0546875
   },
   "66": {
      "text": "B",
      "x": 0.0703125,
      "y": 0.01953125,
      "width": 0.03125,
      "height": 0.0546875,
      "baseline": 0.0546875
   },
   "67": {
      "text": "C",
      "x": 0.12109375,
      "y": 0.01953125,
      "width": 0.03125,
      "height": 0.0546875,
      "baseline": 0.0546875
   },
   "68": {
      "text": "D",
      "x": 0.171875,
      "y": 0.01953125,
      "width": 0.03125,
      "height": 0.0546875,
      "baseline": 0.0546875
   },
   "69": {
      "text": "E",
      "x": 0.22265625,
      "y": 0.01953125,
      "width": 0.03125,
      "height": 0.0546875,
      "baseline": 0.0546875
   },
   "70": {
      "text": "F",
      "x": 0.2734375,
      "y": 0.01953125,
      "width": 0.02734375,
      "height": 0.0546875,
      "baseline": 0.0546875
   },
   "71": {
      "text": "G",
      "x": 0.3203125,
      "y": 0.01953125,
      "width": 0.03515625,
      "height": 0.0546875,
      "baseline": 0.0546875
   },
   "72": {
      "text": "H",
      "x": 0.375,
      "y": 0.01953125,
      "width": 0.03125,
      "height": 0.0546875,
      "baseline": 0.0546875
   },
   "73": {
      "text": "I",
      "x": 0.42578125,
      "y": 0.01953125,
      "width": 0.01171875,
      "height": 0.0546875,
      "baseline": 0.0546875
   },
   "74": {
      "text": "J",
      "x": 0.45703125,
      "y": 0.01953125,
      "width": 0.0234375,
      "height": 0.0546875,
      "baseline": 0.0546875
   },
   "75": {
      "text": "K",
      "x": 0.5,
      "y": 0.01953125,
      "width": 0.03125,
      "height": 0.0546875,
      "baseline": 0.0546875
   },
   "76": {
      "text": "L",
      "x": 0.55078125,
      "y": 0.01953125,
      "width": 0.0234375,
      "height": 0.0546875,
      "baseline": 0.0546875
   },
   "77": {
      "text": "M",
      "x": 0.59375,
      "y": 0.01953125,
      "width": 0.03515625,
      "height": 0.0546875,
      "baseline": 0.0546875
   },
   "78": {
      "text": "N",
      "x": 0.6484375,
      "y": 0.01953125,
      "width": 0.03125,
      "height": 0.0546875,
      "baseline": 0.0546875
   },
   "79": {
      "text": "O",
      "x": 0.69921875,
      "y": 0.01953125,
      "width": 0.03515625,
      "height": 0.0546875,
      "baseline": 0.0546875
   },
   "80": {
      "text": "P",
      "x": 0.75390625,
      "y": 0.01953125,
      "width": 0.03125,
      "height": 0.0546875,
      "baseline": 0.0546875
   },
   "81": {
      "text": "Q",
      "x": 0.8046875,
      "y": 0.01953125,
      "width": 0.03515625,
      "height": 0.0546875,
      "baseline": 0.0546875
   },
   "82": {
      "text": "R",
      "x": 0.859375,
      "y": 0.01953125,