{
   "34": {
      "x": 0.90625,
      "y": 0.4609375,
      "width": 0.02734375,
      "height": 0.0859375,
      "baseline": 0.5234375
   },
   "35": {
      "x": 0.83984375,
      "y": 0.4609375,
      "width": 0.04296875,
      "height": 0.0859375,
      "baseline": 0.5234375
   },
   "36": {
      "x": 0.74609375,
      "y": 0.5703125,
      "width": 0.04296875,
      "height": 0.0859375,
      "baseline": 0.6328125
   },
   "37": {
      "x": 0.15625,
      "y": 0.6796875,
      "width": 0.06640625,
      "height": 0.0859375,
      "baseline": 0.7421875
   },
   "38": {
      "x": 0.0234375,
      "y": 0.5703125,
      "width": 0.05078125,
      "height": 0.0859375,
      "baseline": 0.6328125
   },
   "39": {
      "x": 0.95703125,
      "y": 0.4609375,
      "width": 0.01171875,
      "height": 0.0859375,
      "baseline": 0.5234375
   },
   "40": {
      "x": 0.09765625,
      "y": 0.5703125,
      "width": 0.0234375,
      "height": 0.0859375,
      "baseline": 0.6328125
   },
   "41": {
      "x": 0.14453125,
      "y": 0.5703125,
      "width": 0.0234375,
      "height": 0.0859375,
      "baseline": 0.6328125
   },
   "42": {
      "x": 0.6953125,
      "y": 0.5703125,
      "width": 0.02734375,
      "height": 0.0859375,
      "baseline": 0.6328125
   },
   "43": {
      "x": 0.5625,
      "y": 0.5703125,
      "width": 0.04296875,
      "height": 0.0859375,
      "baseline": 0.6328125
   },
   "44": {
      "x": 0.46484375,
      "y": 0.4609375,
      "width": 0.01953125,
      "height": 0.0859375,
      "baseline": 0.5234375
   },
   "45": {
      "x": 0.66015625,
      "y": 0.4609375,
      "width": 0.0234375,
      "height": 0.0859375,
      "baseline": 0.5234375
   },
   "46": {
      "x": 0.421875,
      "y": 0.4609375,
      "width": 0.01953125,
      "height": 0.0859375,
      "baseline": 0.5234375
   },
   "47": {
      "x": 0.3671875,
      "y": 0.5703125,
      "width": 0.01953125,
      "height": 0.0859375,
      "baseline": 0.6328125
   },
   "48": {
      "x": 0.703125,
      "y": 0.3515625,
      "width": 0.04296875,
      "height": 0.0859375,
      "baseline": 0.4140625
   },
   "49": {
      "x": 0.76953125,
      "y": 0.3515625,
      "width": 0.04296875,
      "height": 0.0859375,
      "baseline": 0.4140625
   },
   "50": {
      "x": 0.8359375,
      "y": 0.3515625,
      "width": 0.04296875,
      "height": 0.0859375,
      "baseline": 0.4140625
   },
   "51": {
      "x": 0.90234375,
      "y": 0.3515625,
      "width": 0.04296875,
      "height": 0.0859375,
      "baseline": 0.4140625
   },
   "52": {
      "x": 0.0234375,
      "y": 0.4609375,
      "width": 0.04296875,
      "height": 0.0859375,
      "baseline": 0.5234375
   },
   "53": {
      "x": 0.08984375,
      "y": 0.4609375,
      "width": 0.04296875,
      "height": 0.0859375,
      "baseline": 0.5234375
   },
   "54": {
      "x": 0.15625,
      "y": 0.4609375,
      "width": 0.04296875,
      "height": 0.0859375,
      "baseline": 0.5234375
   },
   "55": {
      "x": 0.22265625,
      "y": 0.4609375,
      "width": 0.04296875,
      "height": 0.0859375,
      "baseline": 0.5234375
   },
   "56": {
      "x": 0.2890625,
      "y": 0.4609375,
      "width": 0.04296875,
      "height": 0.0859375,
      "baseline": 0.5234375
   },
   "57": {
      "x": 0.35546875,
      "y": 0.4609375,
      "width": 0.04296875,
      "height": 0.0859375,
      "baseline": 0.5234375
   },
   "58": {
      "x": 0.55078125,
      "y": 0.4609375,
      "width": 0.01953125,
      "height": 0.0859375,
      "baseline": 0.5234375
   },
   "59": {
      "x": 0.5078125,
      "y": 0.4609375,
      "width": 0.01953125,
      "height": 0.0859375,
      "baseline": 0.5234375
   },
   "60": {
      "x": 0.0234375,
      "y": 0.6796875,
      "width": 0.04296875,
      "height": 0.0859375,
      "baseline": 0.7421875
   },
   "61": {
      "x": 0.62890625,
      "y": 0.5703125,
      "width": 0.04296875,
      "height": 0.0859375,
      "baseline": 0.6328125
   },
   "62": {
      "x": 0.08984375,
      "y": 0.6796875,
      "width": 0.04296875,
      "height": 0.0859375,
      "baseline": 0.7421875
   },
   "63": {
      "x": 0.59375,
      "y": 0.4609375,
      "width": 0.04296875,
      "height": 0.0859375,
      "baseline": 0.5234375
   },
   "64": {
      "x": 0.41015625,
      "y": 0.5703125,
      "width": 0.078125,
      "height": 0.0859375,
      "baseline": 0.6328125
   },
   "65": {
      "x": 0.0234375,
      "y": 0.0234375,
      "width": 0.05078125,
      "height": 0.0859375,
      "baseline": 0.0859375
   },
   "66": {
      "x": 0.09765625,
      "y": 0.0234375,
      "width": 0.05078125,
      "height": 0.0859375,
      "baseline": 0.0859375
   },
   "67": {
      "x": 0.171875,
      "y": 0.0234375,
      "width": 0.0546875,
      "height": 0.0859375,
      "baseline": 0.0859375
   },
   "68": {
      "x": 0.25,
      "y": 0.0234375,
      "width": 0.0546875,
      "height": 0.0859375,
      "baseline": 0.0859375
   },
   "69": {
      "x": 0.328125,
      "y": 0.0234375,
      "width": 0.05078125,
      "height": 0.0859375,
      "baseline": 0.0859375
   },
   "70": {
      "x": 0.40234375,
      "y": 0.0234375,
      "width": 0.046875,
      "height": 0.0859375,
      "baseline": 0.0859375
   },
   "71": {
      "x": 0.47265625,
      "y": 0.0234375,
      "width": 0.05859375,
      "height": 0.0859375,
      "baseline": 0.0859375
   },
   "72": {
      "x": 0.5546875,
      "y": 0.0234375,
      "width": 0.0546875,
      "height": 0.0859375,
      "baseline": 0.0859375
   },
   "73": {
      "x": 0.6328125,
      "y": 0.0234375,
      "width": 0.01953125,
      "height": 0.0859375,
      "baseline": 0.0859375
   },
   "74": {
      "x": 0.67578125,
      "y": 0.0234375,
      "width": 0.0390625,
      "height": 0.0859375,
      "baseline": 0.0859375
   },
   "75": {
      "x": 0.73828125,
      "y": 0.0234375,
      "width": 0.05078125,
      "height": 0.0859375,
      "baseline": 0.0859375
   },
   "76": {
      "x": 0.8125,
      "y": 0.0234375,
      "width": 0.04296875,
      "height": 0.0859375,
      "baseline": 0.0859375
   },
   "77": {
      "x": 0.87890625,
      "y": 0.0234375,
      "width": 0.0625,
      "height": 0.0859375,
      "baseline": 0.0859375
   },
   "78": {
      "x": 0.0234375,
      "y": 0.1328125,
      "width": 0.0546875,
      "height": 0.0859375,
      "baseline": 0.1953125
   },
   "79": {
      "x": 0.1015625,
      "y": 0.1328125,
      "width": 0.05859375,
      "height": 0.0859375,
      "baseline": 0.1953125
   },
   "80": {
      "x": 0.18359375,
      "y": 0.1328125,
      "width": 0.05078125,
      "height": 0.0859375,
      "baseline": 0.1953125
   },
   "81": {
      "x": 0.2578125,
      "y": 0.1328125,
      "width": 0.05859375,
      "height": 0.0859375,
      "baseline": 0.1953125
   },
   "82": {
      "x": 0.33984375,
      "y": 0.1328125,
      "width": 0.0546875,
      "height": 0.0859375,
      "baseline": 0.1953125
   },
   "83": {
      "x": 0.41796875,
      "y": 0.1328125,
      "width": 0.05078125,
      "height": 0.0859375,
      "baseline": 0.1953125
   },
   "84": {
      "x": 0.4921875,
      "y": 0.1328125,
      "width": 0.046875,
      "height": 0.0859375,
      "baseline": 0.1953125
   },
   "85": {
      "x": 0.5625,
      "y": 0.1328125,
      "width": 0.0546875,
      "height": 0.0859375,
      "baseline": 0.1953125
   },
   "86": {
      "x": 0.640625,
      "y": 0.1328125,
      "width": 0.05078125,
      "height": 0.0859375,
      "baseline": 0.1953125
   },
   "87": {
      "x": 0.71484375,
      "y": 0.1328125,
      "width": 0.0703125,
      "height": 0.0859375,
      "baseline": 0.1953125
   },
   "88": {
      "x": 0.80859375,
      "y": 0.1328125,
      "width": 0.05078125,
      "height": 0.0859375,
      "baseline": 0.1953125
   },
   "89": {
      "x": 0.8828125,
      "y": 0.1328125,
      "width": 0.05078125,
      "height": 0.0859375,
      "baseline": 0.1953125
   },