{
   "32": {
      "text": " ",
      "x": 0.7734375,
      "y": 0.546875,
      "width": 0.01953125,
      "height": 0.0859375,
      "baseline": 0.609375
   },
   "34": {
      "text": "\"",
      "x": 0.59375,
      "y": 0.44140625,
      "width": 0.02734375,
      "height": 0.0859375,
      "baseline": 0.50390625
   },
   "35": {
      "text": "#",
      "x": 0.53125,
      "y": 0.44140625,
      "width": 0.04296875,
      "height": 0.0859375,
      "baseline": 0.50390625
   },
   "36": {
      "text": "$",
      "x": 0.375,
      "y": 0.546875,
      "width": 0.04296875,
      "height": 0.0859375,
      "baseline": 0.609375
   },
   "37": {
      "text": "%",
      "x": 0.6875,
      "y": 0.546875,
      "width": 0.06640625,
      "height": 0.0859375,
      "baseline": 0.609375
   },
   "38": {
      "text": "&",
      "x": 0.671875,
      "y": 0.44140625,
      "width": 0.05078125,
      "height": 0.0859375,
      "baseline": 0.50390625
   },
   "39": {
      "text": "'",
      "x": 0.640625,
      "y": 0.44140625,
      "width": 0.01171875,
      "height": 0.0859375,
      "baseline": 0.50390625
   },
   "40": {
      "text": "(",
      "x": 0.7421875,
      "y": 0.44140625,
      "width": 0.0234375,
      "height": 0.0859375,
      "baseline": 0.50390625
   },
   "41": {
      "text": ")",
      "x": 0.78515625,
      "y": 0.44140625,
      "width": 0.0234375,
      "height": 0.0859375,
      "baseline": 0.50390625
   },
   "42": {
      "text": "*",
      "x": 0.328125,
      "y": 0.546875,
      "width": 0.02734375,
      "height": 0.0859375,
      "baseline": 0.609375
   },
   "43": {
      "text": "+",
      "x": 0.203125,
      "y": 0.546875,
      "width": 0.04296875,
      "height": 0.0859375,
      "baseline": 0.609375
   },
   "44": {
      "text": ",",
      "x": 0.18359375,
      "y": 0.44140625,
      "width": 0.01953125,
      "height": 0.0859375,
      "baseline": 0.50390625
   },
   "45": {
      "text": "-",
      "x": 0.36328125,
      "y": 0.44140625,
      "width": 0.0234375,
      "height": 0.0859375,
      "baseline": 0.50390625
   },
   "46": {
      "text": ".",
      "x": 0.14453125,
      "y": 0.44140625,
      "width": 0.01953125,
      "height": 0.0859375,
      "baseline": 0.50390625
   },
   "47": {
      "text": "/",
      "x": 0.01953125,
      "y": 0.546875,
      "width": 0.01953125,
      "height": 0.0859375,
      "baseline": 0.609375
   },
   "48": {
      "text": "0",
      "x": 0.48828125,
      "y": 0.3359375,
      "width": 0.04296875,
      "height": 0.0859375,
      "baseline": 0.3984375
   },
   "49": {
      "text": "1",
      "x": 0.55078125,
      "y": 0.3359375,
      "width": 0.04296875,
      "height": 0.0859375,
      "baseline": 0.3984375
   },
   "50": {
      "text": "2",
      "x": 0.61328125,
      "y": 0.3359375,
      "width": 0.04296875,
      "height": 0.0859375,
      "baseline": 0.3984375
   },
   "51": {
      "text": "3",
      "x": 0.67578125,
      "y": 0.3359375,
      "width": 0.04296875,
      "height": 0.0859375,
      "baseline": 0.3984375
   },
   "52": {
      "text": "4",
      "x": 0.73828125,
      "y": 0.3359375,
      "width": 0.04296875,
      "height": 0.0859375,
      "baseline": 0.3984375
   },
   "53": {
      "text": "5",
      "x": 0.80078125,
      "y": 0.3359375,
      "width": 0.04296875,
      "height": 0.0859375,
      "baseline": 0.3984375
   },
   "54": {
      "text": "6",
      "x": 0.86328125,
      "y": 0.3359375,
      "width": 0.04296875,
      "height": 0.0859375,
      "baseline": 0.3984375
   },
   "55": {
      "text": "7",
      "x": 0.92578125,
      "y": 0.3359375,
      "width": 0.04296875,
      "height": 0.0859375,
      "baseline": 0.3984375
   },
   "56": {
      "text": "8",
      "x": 0.01953125,
      "y": 0.44140625,
      "width": 0.04296875,
      "height": 0.0859375,
      "baseline": 0.50390625
   },
   "57": {
      "text": "9",
      "x": 0.08203125,
      "y": 0.44140625,
      "width": 0.04296875,
      "height": 0.0859375,
      "baseline": 0.50390625
   },
   "58": {
      "text": ":",
      "x": 0.26171875,
      "y": 0.44140625,
      "width": 0.01953125,
      "height": 0.0859375,
      "baseline": 0.50390625
   },
   "59": {
      "text": ";",
      "x": 0.22265625,
      "y": 0.44140625,
      "width": 0.01953125,
      "height": 0.0859375,
      "baseline": 0.50390625
   },
   "60": {
      "text": "<",
      "x": 0.5625,
      "y": 0.546875,
      "width": 0.04296875,
      "height": 0.0859375,
      "baseline": 0.609375
   },
   "61": {
      "text": "=",
      "x": 0.265625,
      "y": 0.546875,
      "width": 0.04296875,
      "height": 0.0859375,
      "baseline": 0.609375
   },
   "62": {
      "text": ">",
      "x": 0.625,
      "y": 0.546875,
      "width": 0.04296875,
      "height": 0.0859375,
      "baseline": 0.609375
   },
   "63": {
      "text": "?",
      "x": 0.30078125,
      "y": 0.44140625,
      "width": 0.04296875,
      "height": 0.0859375,
      "baseline": 0.50390625
   },
   "64": {
      "text": "@",
      "x": 0.05859375,
      "y": 0.546875,
      "width": 0.078125,
      "height": 0.0859375,
      "baseline": 0.609375
   },
   "65": {
      "text": "A",
      "x": 0.01953125,
      "y": 0.01953125,
      "width": 0.05078125,
      "height": 0.0859375,
      "baseline": 0.08203125
   },
   "66": {
      "text": "B",
      "x": 0.08984375,
      "y": 0.01953125,
      "width": 0.05078125,
      "height": 0.0859375,
      "baseline": 0.08203125
   },
   "67": {
      "text": "C",
      "x": 0.16015625,
      "y": 0.01953125,
      "width": 0.0546875,
      "height": 0.0859375,
      "baseline": 0.08203125
   },
   "68": {
      "text": "D",
      "x": 0.234375,
      "y": 0.01953125,
      "width": 0.0546875,
      "height": 0.0859375,
      "baseline": 0.08203125
   },
   "69": {
      "text": "E",
      "x": 0.30859375,
      "y": 0.01953125,
      "width": 0.05078125,
      "height": 0.0859375,
      "baseline": 0.08203125
   },
   "70": {
      "text": "F",
      "x": 0.37890625,
      "y": 0.01953125,
      "width": 0.046875,
      "height": 0.0859375,
      "baseline": 0.08203125
   },
   "71": {
      "text": "G",
      "x": 0.4453125,
      "y": 0.01953125,
      "width": 0.05859375,
      "height": 0.0859375,
      "baseline": 0.08203125
   },
   "72": {
      "text": "H",
      "x": 0.5234375,
      "y": 0.01953125,
      "width": 0.0546875,
      "height": 0.0859375,
      "baseline": 0.08203125
   },
   "73": {
      "text": "I",
      "x": 0.59765625,
      "y": 0.01953125,
      "width": 0.01953125,
      "height": 0.0859375,
      "baseline": 0.08203125
   },
   "74": {
      "text": "J",
      "x": 0.63671875,
      "y": 0.01953125,
      "width": 0.0390625,
      "height": 0.0859375,
      "baseline": 0.08203125
   },
   "75": {
      "text": "K",
      "x": 0.6953125,
      "y": 0.01953125,
      "width": 0.05078125,
      "height": 0.0859375,
      "baseline": 0.08203125
   },
   "76": {
      "text": "L",
      "x": 0.765625,
      "y": 0.01953125,
      "width": 0.04296875,
      "height": 0.0859375,
      "baseline": 0.08203125
   },
   "77": {
      "text": "M",
      "x": 0.828125,
      "y": 0.01953125,
      "width": 0.0625,
      "height": 0.0859375,
      "baseline": 0.08203125
   },
   "78": {
      "text": "N",
      "x": 0.91015625,
      "y": 0.01953125,
      "width": 0.0546875,
      "height": 0.0859375,
      "baseline": 0.08203125
   },
   "79": {
      "text": "O",
      "x": 0.01953125,
      "y": 0.125,
      "width": 0.05859375,
      "height": 0.0859375,
      "baseline": 0.1875
   },
   "80": {
      "text": "P",
      "x": 0.09765625,
      "y": 0.125,
      "width": 0.05078125,
      "height": 0.0859375,
      "baseline": 0.1875
   },
   "81": {
      "text": "Q",
      "x": 0.16796875,
      "y": 0.125,
      "width": 0.05859375,
      "height": 0.0859375,
      "baseline": 0.1875
   },
   "82": {
      "text": "R",
      "x": 0.24609375,